identifier,firstName,lastName,phoneNumber
1,Abigale,Sanpher,763-311-7158
2,Phil,Greim,265-574-6163
3,Dorelia,Gelsthorpe,975-101-0260
4,Roseann,Wedgwood,787-467-6115
5,Jackie,Seston,549-702-5700
6,Merell,MacGaughey,665-342-8564
7,Korney,Knevet,142-450-2461
8,Dona,Storey,660-177-8336
9,Elise,Bortoli,182-731-3599
10,Roldan,Beevor,913-407-0359
11,Graham,MacAnelley,925-452-2036
12,Nikolai,Pates,850-969-6635
13,Fania,Collete,619-807-4638
14,Kinny,Pryce,930-363-2721
15,Jennette,Stain,935-520-4496
16,Field,Haseman,380-993-8490
17,Flin,Mosedale,755-402-1259
18,Esdras,Mc Corley,651-434-8364
19,Christin,Wales,261-783-0881
20,Frankie,Barnson,384-985-1603
